model,mean_measured_soh,mean_residual_pp,n_records
R0,76.57500966389973,2.6850814819335938,36
R0,77.48300443376813,2.135961774795774,84
R0,78.52067626150031,2.0558142968785686,228
R0,79.49137060982841,1.5181157450196607,252
R0,80.48695191882905,1.1557841023440083,252
R0,81.50006963851604,1.044113537943955,282
R0,82.43927705054189,0.47382985532673355,306
R0,83.47509261540004,0.7627920196169901,336
R0,84.47986415940888,0.7545228209895614,294
R0,85.47051117385644,0.649441932518509,414
R0,86.52739999233148,0.4031911235928873,468
R0,87.54445741441515,0.38107286618079644,540
R0,88.50307477005128,0.4898297965472737,738
R0,89.52270838419597,0.14929419340910755,900
R0,90.50382223129273,0.031274901496039474,960
R0,91.5009056051778,-0.16804345833136558,1158
R0,92.50655728294736,-0.37514252031921713,1260
R0,93.5079534556299,-0.4785092253559075,1338
R0,94.5052152219026,-0.4867704732406542,1380
R0,95.49868386367271,-0.3866226645721788,1392
R0,96.49204511682696,-0.24792128686775244,1422
R0,97.49282237970941,-0.42230658763913237,1284
R0,98.40688238525391,-0.9273662075466582,750
R0,99.35248514811198,-1.5500721853750725,450
A2,76.57500966389973,3.268263710869683,36
A2,77.48300443376813,2.5983794076102122,84
A2,78.52067626150031,2.471636565805179,228
A2,79.49137060982841,1.9343686078591322,252
A2,80.48695191882905,1.5378515253622063,252
A2,81.50006963851604,1.351351302848077,282
A2,82.43927705054189,0.8347007319298708,306
A2,83.47509261540004,1.0002449580601283,336
A2,84.47986415940888,1.01072685951008,294
A2,85.47051117385644,0.8660530483473133,414
A2,86.52739999233148,0.5785733627797534,468
A2,87.54445741441515,0.5835297619854964,540
A2,88.50307477005128,0.6447636880848789,738
A2,89.52270838419597,0.2675516510009765,900
A2,90.50382223129273,0.11785406006707096,960
A2,91.5009056051778,-0.1724312122896203,1158
A2,92.50655728294736,-0.4060864221482049,1260
A2,93.5079534556299,-0.5416835923662932,1338
A2,94.5052152219026,-0.530865157859913,1380
A2,95.49868386367271,-0.4656819383760066,1392
A2,96.49204511682696,-0.4095393045374444,1422
A2,97.49282237970941,-0.6280084156420621,1284
A2,98.40688238525391,-1.1709268256293401,750
A2,99.35248514811198,-1.8058518021195025,450
