k,combination,R0_RMSE,A2_RMSE
1,20chg,1.475579340942204,1.5813892741377156
2,20chg+20dchg,1.4530913596972823,1.5489759584888816
3,20chg+20dchg+50dchg,1.4222614659617347,1.5341205190246303
4,20chg+20dchg+50dchg+90dchg,1.4039160540948312,1.5176196166624627
3,20chg+20dchg+90dchg,1.4226595281312864,1.526118560694158
2,20chg+50chg,1.3919293809061248,1.516243333928287
3,20chg+50chg+20dchg,1.3978389433274667,1.5124351112172008
4,20chg+50chg+20dchg+50dchg,1.3903536197418969,1.5125075768058498
5,20chg+50chg+20dchg+50dchg+90dchg,1.3813220287362733,1.5038797526309886
4,20chg+50chg+20dchg+90dchg,1.3873636899515986,1.5045260457942882
3,20chg+50chg+50dchg,1.3846362208326655,1.5162581639985244
4,20chg+50chg+50dchg+90dchg,1.3747847272704043,1.5044097465773425
3,20chg+50chg+90chg,1.378684221766889,1.5032839477062225
4,20chg+50chg+90chg+20dchg,1.3833036674186587,1.500972794679304
5,20chg+50chg+90chg+20dchg+50dchg,1.3780452214802303,1.501320444047451
6,20chg+50chg+90chg+20dchg+50dchg+90dchg,1.3773659095168114,1.4998677019029856
5,20chg+50chg+90chg+20dchg+90dchg,1.3837684510896604,1.5015918770805001
4,20chg+50chg+90chg+50dchg,1.3722876394167542,1.5025507938116789
5,20chg+50chg+90chg+50dchg+90dchg,1.373533349794646,1.501227104725937
4,20chg+50chg+90chg+90dchg,1.382277740476032,1.5050015126665435
3,20chg+50chg+90dchg,1.3813147344626486,1.5056940037757158
2,20chg+50dchg,1.422657130906979,1.5463866936042905
3,20chg+50dchg+90dchg,1.3999365450193486,1.5207658552875123
2,20chg+90chg,1.4178070612251759,1.5278649410853784
3,20chg+90chg+20dchg,1.413727743240694,1.5184820471331477
4,20chg+90chg+20dchg+50dchg,1.3977927189941208,1.5129238705461225
5,20chg+90chg+20dchg+50dchg+90dchg,1.3948318222537637,1.5098454728722572
4,20chg+90chg+20dchg+90dchg,1.409708047596117,1.5167320218558111
3,20chg+90chg+50dchg,1.3936311335613332,1.5162363524238267
4,20chg+90chg+50dchg+90dchg,1.3934976008410254,1.5132967255388698
3,20chg+90chg+90dchg,1.4165167671938739,1.5265093265722194
2,20chg+90dchg,1.4278515167534351,1.5363055411726236
1,20dchg,1.511354023280243,1.5970738312850394
2,20dchg+50dchg,1.444529115843276,1.5592918374265234
3,20dchg+50dchg+90dchg,1.4147823471575975,1.53078866067032
2,20dchg+90dchg,1.4480465681602557,1.5498584536835551
1,50chg,1.427735785022378,1.5586458388715982
2,50chg+20dchg,1.4046805842469137,1.5231220113734403
3,50chg+20dchg+50dchg,1.3960340010623136,1.523286122828722
4,50chg+20dchg+50dchg+90dchg,1.3841077437003455,1.5107861906290054
3,50chg+20dchg+90dchg,1.3921167477965355,1.5131270565713444
2,50chg+50dchg,1.4008584308127563,1.54229287058115
3,50chg+50dchg+90dchg,1.381487128480027,1.5178832104429603
2,50chg+90chg,1.3949173794438443,1.5258356385553877
3,50chg+90chg+20dchg,1.386803163215518,1.5084783115113773
4,50chg+90chg+20dchg+50dchg,1.3800679541503391,1.5077316698928676
5,50chg+90chg+20dchg+50dchg+90dchg,1.3803196956093113,1.506039934232831
4,50chg+90chg+20dchg+90dchg,1.3896539071574807,1.510283762278656
3,50chg+90chg+50dchg,1.3789776482929785,1.5161452951530616
4,50chg+90chg+50dchg+90dchg,1.3802762779717646,1.5125044481828809
3,50chg+90chg+90dchg,1.3975688125938177,1.5240873821700611
2,50chg+90dchg,1.3966010625784597,1.5277521166329582
1,50dchg,1.4893677408496537,1.6298101659243307
2,50dchg+90dchg,1.4231771035119891,1.5492671749865015
1,90chg,1.496596868770818,1.6031467436502376
2,90chg+20dchg,1.4324026561031737,1.5366296510522566
3,90chg+20dchg+50dchg,1.4058310315012932,1.5241866996511817
4,90chg+20dchg+50dchg+90dchg,1.403116946729521,1.52006514215221
3,90chg+20dchg+90dchg,1.4278274585182469,1.5344737994795046
2,90chg+50dchg,1.413254419962565,1.5427180277183652
3,90chg+50dchg+90dchg,1.4107033728311458,1.5333971067642174
2,90chg+90dchg,1.4651297259454927,1.5725943790748715
1,90dchg,1.519433234507839,1.6220748573541641
