sample_index,segment,mean_abs_IG_charge_pp,mean_abs_IG_discharge_pp
0,pre-pulse (0),0.0,0.0
1,C/5 (1-30),0.006852320861071348,0.007781961467117071
2,C/5 (1-30),0.00585057632997632,0.00612541101872921
3,C/5 (1-30),0.005653501953929663,0.0068154181353747845
4,C/5 (1-30),0.0047398158349096775,0.00819361861795187
5,C/5 (1-30),0.008562157861888409,0.009787451475858688
6,C/5 (1-30),0.008931884542107582,0.00958931166678667
7,C/5 (1-30),0.007142179645597935,0.009673772379755974
8,C/5 (1-30),0.007552300114184618,0.010746938176453114
9,C/5 (1-30),0.008350225165486336,0.009726163931190968
10,C/5 (1-30),0.008884148672223091,0.009921392425894737
11,C/5 (1-30),0.00679024588316679,0.009312658570706844
12,C/5 (1-30),0.007291319780051708,0.010735948570072651
13,C/5 (1-30),0.008368090726435184,0.00966471154242754
14,C/5 (1-30),0.008613308891654015,0.009779507294297218
15,C/5 (1-30),0.0072055417113006115,0.009837985970079899
16,C/5 (1-30),0.007344662211835384,0.01054410357028246
17,C/5 (1-30),0.008449382148683071,0.00972576905041933
18,C/5 (1-30),0.009081448428332806,0.009893917478621006
19,C/5 (1-30),0.006911726668477058,0.009555899538099766
20,C/5 (1-30),0.007319413125514984,0.010578527115285397
21,C/5 (1-30),0.008472357876598835,0.009612266905605793
22,C/5 (1-30),0.008953694254159927,0.010084274224936962
23,C/5 (1-30),0.0070379748940467834,0.009524935856461525
24,C/5 (1-30),0.00725914491340518,0.010569981299340725
25,C/5 (1-30),0.008416528813540936,0.009623386897146702
26,C/5 (1-30),0.00918074045330286,0.010217924602329731
27,C/5 (1-30),0.006844176910817623,0.009743251837790012
28,C/5 (1-30),0.00747408764436841,0.010698765516281128
29,C/5 (1-30),0.00858595035970211,0.009842614643275738
30,C/5 (1-30),0.009010614827275276,0.009838094934821129
31,1C (31-40),0.0070229885168373585,0.009751981124281883
32,1C (31-40),0.007608476560562849,0.010954545810818672
33,1C (31-40),0.008267209865152836,0.009660804644227028
34,1C (31-40),0.009085343219339848,0.010062011890113354
35,1C (31-40),0.007072395645081997,0.009235084056854248
36,1C (31-40),0.007598935626447201,0.010916445404291153
37,1C (31-40),0.00825420394539833,0.009405548684298992
38,1C (31-40),0.008995862677693367,0.00993796344846487
39,1C (31-40),0.007137926295399666,0.009528666734695435
40,1C (31-40),0.007493678946048021,0.010704741813242435
41,rest (41-100),0.00859899166971445,0.00955283921211958
42,rest (41-100),0.008968910202383995,0.010069784708321095
43,rest (41-100),0.006999848410487175,0.009560322389006615
44,rest (41-100),0.007496788632124662,0.010749018751084805
45,rest (41-100),0.008461986668407917,0.009910684078931808
46,rest (41-100),0.009099562652409077,0.009989864192903042
47,rest (41-100),0.007043620105832815,0.009558103047311306
48,rest (41-100),0.007536471355706453,0.010761329904198647
49,rest (41-100),0.008267342112958431,0.009818431921303272
50,rest (41-100),0.009075569920241833,0.009945203550159931
51,rest (41-100),0.00726144528016448,0.009710154496133327
52,rest (41-100),0.0074409483931958675,0.01058772299438715
53,rest (41-100),0.008402347564697266,0.009587123058736324
54,rest (41-100),0.009051199071109295,0.010079407133162022
55,rest (41-100),0.006891566328704357,0.00961653795093298
56,rest (41-100),0.007262882776558399,0.010559960268437862
57,rest (41-100),0.008111052215099335,0.009558992460370064
58,rest (41-100),0.008666608482599258,0.009611820802092552
59,rest (41-100),0.006865662056952715,0.009304012171924114
60,rest (41-100),0.007354110479354858,0.010408921167254448
61,rest (41-100),0.008287841454148293,0.00960551854223013
62,rest (41-100),0.009152515791356564,0.009747973643243313
63,rest (41-100),0.006582858972251415,0.009035302326083183
64,rest (41-100),0.007129384204745293,0.01068544015288353
65,rest (41-100),0.00831705890595913,0.009363988414406776
66,rest (41-100),0.008455285802483559,0.00985716748982668
67,rest (41-100),0.007065300364047289,0.00953251775354147
68,rest (41-100),0.007268065586686134,0.010557887144386768
69,rest (41-100),0.008328337222337723,0.009659976698458195
70,rest (41-100),0.008787531405687332,0.009914682246744633
71,rest (41-100),0.006833375431597233,0.009399017319083214
72,rest (41-100),0.007205161731690168,0.01047840528190136
73,rest (41-100),0.00824386440217495,0.009564206935465336
74,rest (41-100),0.00879985373467207,0.009977427311241627
75,rest (41-100),0.006790258921682835,0.009550316259264946
76,rest (41-100),0.007465946953743696,0.010588940232992172
77,rest (41-100),0.008333729580044746,0.009546049870550632
78,rest (41-100),0.00904477946460247,0.009925528429448605
79,rest (41-100),0.006970283575356007,0.009747997857630253
80,rest (41-100),0.007318300660699606,0.010685095563530922
81,rest (41-100),0.008320764638483524,0.009435871616005898
82,rest (41-100),0.009128411300480366,0.009993595071136951
83,rest (41-100),0.007108358200639486,0.009450205601751804
84,rest (41-100),0.00732799107208848,0.010462251491844654
85,rest (41-100),0.008215147070586681,0.009715895168483257
86,rest (41-100),0.008848229423165321,0.009527111425995827
87,rest (41-100),0.006785602308809757,0.009328641928732395
88,rest (41-100),0.007597758434712887,0.010786687023937702
89,rest (41-100),0.00814524944871664,0.009661857038736343
90,rest (41-100),0.008989042602479458,0.00981838721781969
91,rest (41-100),0.006662826519459486,0.009074106812477112
92,rest (41-100),0.00698007782921195,0.010387609712779522
93,rest (41-100),0.007966029457747936,0.009342553094029427
94,rest (41-100),0.008476583287119865,0.009401221759617329
95,rest (41-100),0.0069073778577148914,0.00914887897670269
96,rest (41-100),0.006385429296642542,0.008681914769113064
97,rest (41-100),0.006054250989109278,0.00623546214774251
98,rest (41-100),0.005488421302288771,0.005854669027030468
99,rest (41-100),0.0058037410490214825,0.006942060776054859
100,rest (41-100),0.005168925039470196,0.0075651234947144985
