group,n_cells,R0_group_mean_RMSE,A2_group_mean_RMSE,R0_minus_A2,R0_improved_cells,n_train_cells,n_valid_cells
1,6,1.6366421977678935,1.8578420480092366,-0.22119985024134303,6,48,10
2,6,0.8953136735492282,1.0345776677131655,-0.1392639941639373,5,48,10
3,6,3.006197041935391,2.9957629309760194,0.010434110959371523,2,48,10
4,6,1.0810861289501192,1.190115123987198,-0.10902899503707886,6,48,10
5,6,1.4434157113234203,1.2329262097676594,0.21048950155576085,0,48,10
6,6,1.8789677984184687,2.1469761133193974,-0.2680083149009287,6,48,10
7,6,0.994237330224779,1.084329770670997,-0.09009244044621789,6,48,10
8,6,1.7795887721909418,1.8700215352906122,-0.09043276309967041,6,48,10
9,6,1.4162211385038164,1.4748700426684485,-0.05864890416463209,6,48,10
10,6,1.4215448035134208,1.4916999869876435,-0.07015518347422267,6,48,10
11,4,0.996045857667923,1.2023168355226517,-0.2062709778547287,4,50,10
