experiment,dataset,model,cell,rmse_pp
cv,UConn-ILCC-LFP,R0,2,1.549555833974684
cv,UConn-ILCC-LFP,R0,3,3.259278705395502
cv,UConn-ILCC-LFP,R0,4,1.4081038948293925
cv,UConn-ILCC-LFP,R0,5,1.7116665840932124
cv,UConn-ILCC-LFP,R0,6,1.1472914766591236
cv,UConn-ILCC-LFP,R0,7,1.11826972650727
cv,UConn-ILCC-LFP,R0,8,0.6668004024893911
cv,UConn-ILCC-LFP,R0,9,0.8742047432994408
cv,UConn-ILCC-LFP,R0,10,1.5573370674766738
cv,UConn-ILCC-LFP,R0,11,1.2336957835526348
cv,UConn-ILCC-LFP,R0,12,0.608197075793695
cv,UConn-ILCC-LFP,R0,13,0.8266235268149704
cv,UConn-ILCC-LFP,R0,14,2.4623222753279226
cv,UConn-ILCC-LFP,R0,15,3.0039297023309195
cv,UConn-ILCC-LFP,R0,16,2.501042418075597
cv,UConn-ILCC-LFP,R0,17,2.3468721109887465
cv,UConn-ILCC-LFP,R0,18,2.105688357635228
cv,UConn-ILCC-LFP,R0,19,2.4342520439653472
cv,UConn-ILCC-LFP,R0,20,1.1494721644420822
cv,UConn-ILCC-LFP,R0,21,1.0327786795982734
cv,UConn-ILCC-LFP,R0,22,0.8751599026926229
cv,UConn-ILCC-LFP,R0,23,0.88344459004326
cv,UConn-ILCC-LFP,R0,24,0.8302097952508541
cv,UConn-ILCC-LFP,R0,25,0.9460008436325639
cv,UConn-ILCC-LFP,R0,26,0.874338934495695
cv,UConn-ILCC-LFP,R0,27,0.7762863576797256
cv,UConn-ILCC-LFP,R0,28,1.1351393915761163
cv,UConn-ILCC-LFP,R0,29,1.2020465429869132
cv,UConn-ILCC-LFP,R0,30,1.3723617728282178
cv,UConn-ILCC-LFP,R0,31,1.4048995981692443
cv,UConn-ILCC-LFP,R0,32,1.7996926314261819
cv,UConn-ILCC-LFP,R0,33,2.5893326357030886
cv,UConn-ILCC-LFP,R0,34,1.7796019591995897
cv,UConn-ILCC-LFP,R0,35,2.0741110165795136
cv,UConn-ILCC-LFP,R0,36,1.1379064914563786
cv,UConn-ILCC-LFP,R0,37,1.9456937554974936
cv,UConn-ILCC-LFP,R0,38,0.8183245922570103
cv,UConn-ILCC-LFP,R0,39,0.8758923319263694
cv,UConn-ILCC-LFP,R0,40,0.9105338133626311
cv,UConn-ILCC-LFP,R0,41,0.8874533271890619
cv,UConn-ILCC-LFP,R0,42,1.2004921760739549
cv,UConn-ILCC-LFP,R0,43,0.9482306219680109
cv,UConn-ILCC-LFP,R0,44,1.5494155171636033
cv,UConn-ILCC-LFP,R0,45,1.5295383719626134
cv,UConn-ILCC-LFP,R0,46,2.748851124389864
cv,UConn-ILCC-LFP,R0,47,1.3598933223465821
cv,UConn-ILCC-LFP,R0,48,1.6996055123240623
cv,UConn-ILCC-LFP,R0,49,1.5690563064074485
cv,UConn-ILCC-LFP,R0,50,1.5486907345592373
cv,UConn-ILCC-LFP,R0,51,1.95711525603918
cv,UConn-ILCC-LFP,R0,52,0.9746207745281211
cv,UConn-ILCC-LFP,R0,53,1.4758868885368435
cv,UConn-ILCC-LFP,R0,54,0.851521743494381
cv,UConn-ILCC-LFP,R0,55,1.7101597998746338
cv,UConn-ILCC-LFP,R0,56,0.7585913237032688
cv,UConn-ILCC-LFP,R0,57,1.9116005008151244
cv,UConn-ILCC-LFP,R0,58,1.5716293889146467
cv,UConn-ILCC-LFP,R0,59,1.4378418322337667
cv,UConn-ILCC-LFP,R0,60,0.9644615387229276
cv,UConn-ILCC-LFP,R0,61,0.949877486526843
cv,UConn-ILCC-LFP,R0,62,1.1027583204456144
cv,UConn-ILCC-LFP,R0,63,0.9033603805717686
cv,UConn-ILCC-LFP,R0,64,0.8362936923119433
cv,UConn-ILCC-LFP,R0,65,1.6747145024165178
cv,UConn-ILCC-LFP,A2,2,1.5812922513946772
cv,UConn-ILCC-LFP,A2,3,3.244877470272758
cv,UConn-ILCC-LFP,A2,4,1.4330221408882036
cv,UConn-ILCC-LFP,A2,5,1.7200402617019848
cv,UConn-ILCC-LFP,A2,6,1.0317740154749087
cv,UConn-ILCC-LFP,A2,7,1.308750149487704
cv,UConn-ILCC-LFP,A2,8,0.7208476886676297
cv,UConn-ILCC-LFP,A2,9,0.7515913470009425
cv,UConn-ILCC-LFP,A2,10,1.6870212003736331
cv,UConn-ILCC-LFP,A2,11,1.1744952916277078
cv,UConn-ILCC-LFP,A2,12,0.6280691184043848
cv,UConn-ILCC-LFP,A2,13,0.9379932899473982
cv,UConn-ILCC-LFP,A2,14,2.52667203478037
cv,UConn-ILCC-LFP,A2,15,3.116917819284655
cv,UConn-ILCC-LFP,A2,16,2.6382484678891265
cv,UConn-ILCC-LFP,A2,17,2.249822833001197
cv,UConn-ILCC-LFP,A2,18,2.1137896004985826
cv,UConn-ILCC-LFP,A2,19,2.4379258129487216
cv,UConn-ILCC-LFP,A2,20,1.4128734679926722
cv,UConn-ILCC-LFP,A2,21,1.2196502800488558
cv,UConn-ILCC-LFP,A2,22,1.0639742952969584
cv,UConn-ILCC-LFP,A2,23,1.0519242044981731
cv,UConn-ILCC-LFP,A2,24,0.9548192446125127
cv,UConn-ILCC-LFP,A2,25,1.0330135294768992
cv,UConn-ILCC-LFP,A2,26,0.9768644988089884
cv,UConn-ILCC-LFP,A2,27,0.9399835334688507
cv,UConn-ILCC-LFP,A2,28,1.250704425213327
cv,UConn-ILCC-LFP,A2,29,1.1658715556848827
cv,UConn-ILCC-LFP,A2,30,1.3908815139653268
cv,UConn-ILCC-LFP,A2,31,1.3177734736650824
cv,UConn-ILCC-LFP,A2,32,1.7732610563710791
cv,UConn-ILCC-LFP,A2,33,2.5365577190768644
cv,UConn-ILCC-LFP,A2,34,1.7610851345817882
cv,UConn-ILCC-LFP,A2,35,2.1088088867481045
cv,UConn-ILCC-LFP,A2,36,1.1664464026241932
cv,UConn-ILCC-LFP,A2,37,1.927024754169068
cv,UConn-ILCC-LFP,A2,38,0.7999348058437334
cv,UConn-ILCC-LFP,A2,39,1.009732552995142
cv,UConn-ILCC-LFP,A2,40,1.0171093713464183
cv,UConn-ILCC-LFP,A2,41,1.0095359663803052
cv,UConn-ILCC-LFP,A2,42,1.1964952703839977
cv,UConn-ILCC-LFP,A2,43,1.020736224110463
cv,UConn-ILCC-LFP,A2,44,1.5204416029571035
cv,UConn-ILCC-LFP,A2,45,1.4520370055734295
cv,UConn-ILCC-LFP,A2,46,2.515555694837872
cv,UConn-ILCC-LFP,A2,47,1.247312110766526
cv,UConn-ILCC-LFP,A2,48,1.6370158204123975
cv,UConn-ILCC-LFP,A2,49,1.5559031405313644
cv,UConn-ILCC-LFP,A2,50,1.746020153774767
cv,UConn-ILCC-LFP,A2,51,2.070516309881946
cv,UConn-ILCC-LFP,A2,52,0.9188863282818653
cv,UConn-ILCC-LFP,A2,53,1.651028600147875
cv,UConn-ILCC-LFP,A2,54,0.9614574520105862
cv,UConn-ILCC-LFP,A2,55,1.5117118823101832
cv,UConn-ILCC-LFP,A2,56,0.9442511412217627
cv,UConn-ILCC-LFP,A2,57,2.003066693237809
cv,UConn-ILCC-LFP,A2,58,1.6705419973605016
cv,UConn-ILCC-LFP,A2,59,1.6410001458422034
cv,UConn-ILCC-LFP,A2,60,1.0997268855344438
cv,UConn-ILCC-LFP,A2,61,1.033903485566019
cv,UConn-ILCC-LFP,A2,62,1.2032828305370884
cv,UConn-ILCC-LFP,A2,63,1.0462350262950213
cv,UConn-ILCC-LFP,A2,64,0.8999053671745911
cv,UConn-ILCC-LFP,A2,65,1.5808180068045379
cv,UConn-ILCC-LFP,GBDT,2,0.8712718598038653
cv,UConn-ILCC-LFP,GBDT,3,3.4716456480970272
cv,UConn-ILCC-LFP,GBDT,4,0.7055340201811257
cv,UConn-ILCC-LFP,GBDT,5,1.224793943726924
cv,UConn-ILCC-LFP,GBDT,6,0.5841005919807559
cv,UConn-ILCC-LFP,GBDT,7,0.7975982550900936
cv,UConn-ILCC-LFP,GBDT,8,0.3952307888425888
cv,UConn-ILCC-LFP,GBDT,9,0.600646483427119
cv,UConn-ILCC-LFP,GBDT,10,1.350108822663321
cv,UConn-ILCC-LFP,GBDT,11,1.062582963996381
cv,UConn-ILCC-LFP,GBDT,12,0.5630587656051967
cv,UConn-ILCC-LFP,GBDT,13,0.6096283247834023
cv,UConn-ILCC-LFP,GBDT,14,1.634718678089584
cv,UConn-ILCC-LFP,GBDT,15,2.0260993654242996
cv,UConn-ILCC-LFP,GBDT,16,1.6124824562932727
cv,UConn-ILCC-LFP,GBDT,17,1.2190799703320567
cv,UConn-ILCC-LFP,GBDT,18,0.9896263835825189
cv,UConn-ILCC-LFP,GBDT,19,1.4293167314179134
cv,UConn-ILCC-LFP,GBDT,20,1.1489411140437318
cv,UConn-ILCC-LFP,GBDT,21,0.6640257748391895
cv,UConn-ILCC-LFP,GBDT,22,0.7143741210935803
cv,UConn-ILCC-LFP,GBDT,23,0.47648673411236236
cv,UConn-ILCC-LFP,GBDT,24,0.42493465336006336
cv,UConn-ILCC-LFP,GBDT,25,0.518096789794798
cv,UConn-ILCC-LFP,GBDT,26,0.7613548307527571
cv,UConn-ILCC-LFP,GBDT,27,0.42705326515989633
cv,UConn-ILCC-LFP,GBDT,28,1.4604760229249267
cv,UConn-ILCC-LFP,GBDT,29,1.2101275976463373
cv,UConn-ILCC-LFP,GBDT,30,0.8878383522425513
cv,UConn-ILCC-LFP,GBDT,31,1.8053370553059618
cv,UConn-ILCC-LFP,GBDT,32,1.2578634083647133
cv,UConn-ILCC-LFP,GBDT,33,2.442642937881225
cv,UConn-ILCC-LFP,GBDT,34,1.3421179582948375
cv,UConn-ILCC-LFP,GBDT,35,1.1876270686638883
cv,UConn-ILCC-LFP,GBDT,36,0.5571167474971745
cv,UConn-ILCC-LFP,GBDT,37,1.1811799983084696
cv,UConn-ILCC-LFP,GBDT,38,0.6467827138346823
cv,UConn-ILCC-LFP,GBDT,39,0.6125199441468635
cv,UConn-ILCC-LFP,GBDT,40,0.4660225609222008
cv,UConn-ILCC-LFP,GBDT,41,0.5113520101173997
cv,UConn-ILCC-LFP,GBDT,42,0.8475538128936745
cv,UConn-ILCC-LFP,GBDT,43,0.5844654050142951
cv,UConn-ILCC-LFP,GBDT,44,1.0627327948604435
cv,UConn-ILCC-LFP,GBDT,45,1.4203918082873825
cv,UConn-ILCC-LFP,GBDT,46,2.310569347692328
cv,UConn-ILCC-LFP,GBDT,47,1.3360933236151535
cv,UConn-ILCC-LFP,GBDT,48,1.4762164029917217
cv,UConn-ILCC-LFP,GBDT,49,1.2817978805228154
cv,UConn-ILCC-LFP,GBDT,50,1.4885624968910431
cv,UConn-ILCC-LFP,GBDT,51,1.5850745614282522
cv,UConn-ILCC-LFP,GBDT,52,0.5430698299745497
cv,UConn-ILCC-LFP,GBDT,53,0.5666306904544158
cv,UConn-ILCC-LFP,GBDT,54,0.43959618355929453
cv,UConn-ILCC-LFP,GBDT,55,1.2045305205817463
cv,UConn-ILCC-LFP,GBDT,56,0.5205228644127311
cv,UConn-ILCC-LFP,GBDT,57,1.1059275133469313
cv,UConn-ILCC-LFP,GBDT,58,0.7892604365840195
cv,UConn-ILCC-LFP,GBDT,59,0.903582152925505
cv,UConn-ILCC-LFP,GBDT,60,0.7807737647051497
cv,UConn-ILCC-LFP,GBDT,61,0.4192021494679408
cv,UConn-ILCC-LFP,GBDT,62,0.61009427573291
cv,UConn-ILCC-LFP,GBDT,63,0.40460534562683304
cv,UConn-ILCC-LFP,GBDT,64,0.530734351084118
cv,UConn-ILCC-LFP,GBDT,65,1.733782076497745
logo,UConn-ILCC-LFP,R0,2,1.5100239399551743
logo,UConn-ILCC-LFP,R0,3,3.4216659137830647
logo,UConn-ILCC-LFP,R0,4,1.2789228439971305
logo,UConn-ILCC-LFP,R0,5,1.607917676837021
logo,UConn-ILCC-LFP,R0,6,1.1731980213075535
logo,UConn-ILCC-LFP,R0,7,1.1172802977781116
logo,UConn-ILCC-LFP,R0,8,0.615412668471195
logo,UConn-ILCC-LFP,R0,9,0.8199990921833415
logo,UConn-ILCC-LFP,R0,10,1.6040676416499784
logo,UConn-ILCC-LFP,R0,11,1.056023466578983
logo,UConn-ILCC-LFP,R0,12,0.6024132940933016
logo,UConn-ILCC-LFP,R0,13,0.7465133514544796
logo,UConn-ILCC-LFP,R0,14,2.8347437036501346
logo,UConn-ILCC-LFP,R0,15,3.5274456831933936
logo,UConn-ILCC-LFP,R0,16,3.020947379766526
logo,UConn-ILCC-LFP,R0,17,2.8703457478975842
logo,UConn-ILCC-LFP,R0,18,2.551154397984257
logo,UConn-ILCC-LFP,R0,19,3.1514460670648092
logo,UConn-ILCC-LFP,R0,20,1.3075473102751267
logo,UConn-ILCC-LFP,R0,21,1.137611951365918
logo,UConn-ILCC-LFP,R0,22,1.0586886358163756
logo,UConn-ILCC-LFP,R0,23,1.006164478395754
logo,UConn-ILCC-LFP,R0,24,0.8892365727187362
logo,UConn-ILCC-LFP,R0,25,1.0697326426453195
logo,UConn-ILCC-LFP,R0,26,1.0240454945447774
logo,UConn-ILCC-LFP,R0,27,0.8351235745492569
logo,UConn-ILCC-LFP,R0,28,1.5961681932783172
logo,UConn-ILCC-LFP,R0,29,1.4566561648071785
logo,UConn-ILCC-LFP,R0,30,1.846651390174604
logo,UConn-ILCC-LFP,R0,31,1.7863687776760715
logo,UConn-ILCC-LFP,R0,32,1.9560335188389881
logo,UConn-ILCC-LFP,R0,33,2.6315801479430942
logo,UConn-ILCC-LFP,R0,34,2.004970813076243
logo,UConn-ILCC-LFP,R0,35,2.214697231154604
logo,UConn-ILCC-LFP,R0,36,1.283858872325596
logo,UConn-ILCC-LFP,R0,37,2.1381814486324653
logo,UConn-ILCC-LFP,R0,38,0.8838664382395635
logo,UConn-ILCC-LFP,R0,39,0.9262987505880993
logo,UConn-ILCC-LFP,R0,40,0.9391839054270577
logo,UConn-ILCC-LFP,R0,41,1.028276299951968
logo,UConn-ILCC-LFP,R0,42,1.129706548652494
logo,UConn-ILCC-LFP,R0,43,0.8722145376379759
logo,UConn-ILCC-LFP,R0,44,1.644529424890736
logo,UConn-ILCC-LFP,R0,45,1.7146484420697317
logo,UConn-ILCC-LFP,R0,46,2.674358824914474
logo,UConn-ILCC-LFP,R0,47,1.655602047397723
logo,UConn-ILCC-LFP,R0,48,1.7655617619049717
logo,UConn-ILCC-LFP,R0,49,1.7247531301548482
logo,UConn-ILCC-LFP,R0,50,1.4094772003415137
logo,UConn-ILCC-LFP,R0,51,1.847731573104139
logo,UConn-ILCC-LFP,R0,52,1.316882049966429
logo,UConn-ILCC-LFP,R0,53,1.3352905750400155
logo,UConn-ILCC-LFP,R0,54,1.0646849642936098
logo,UConn-ILCC-LFP,R0,55,1.579511675243235
logo,UConn-ILCC-LFP,R0,56,0.885967826819012
logo,UConn-ILCC-LFP,R0,57,2.0936899601414205
logo,UConn-ILCC-LFP,R0,58,1.7239950436031783
logo,UConn-ILCC-LFP,R0,59,1.829441175660205
logo,UConn-ILCC-LFP,R0,60,1.0705935877542307
logo,UConn-ILCC-LFP,R0,61,1.4304515834053548
logo,UConn-ILCC-LFP,R0,62,1.129138117525648
logo,UConn-ILCC-LFP,R0,63,0.9933317453806101
logo,UConn-ILCC-LFP,R0,64,0.9119118866704539
logo,UConn-ILCC-LFP,R0,65,1.4857450419990672
noisy1,UConn-ILCC-LFP-n1,R0,2,2.0038875228380495
noisy1,UConn-ILCC-LFP-n1,R0,3,2.844083309097694
noisy1,UConn-ILCC-LFP-n1,R0,4,1.5761190133241705
noisy1,UConn-ILCC-LFP-n1,R0,5,2.152860030392654
noisy1,UConn-ILCC-LFP-n1,R0,6,1.3430842869750768
noisy1,UConn-ILCC-LFP-n1,R0,7,1.333717753239019
noisy1,UConn-ILCC-LFP-n1,R0,8,0.9175133815445219
noisy1,UConn-ILCC-LFP-n1,R0,9,1.0438905336700623
noisy1,UConn-ILCC-LFP-n1,R0,10,1.7348385044705867
noisy1,UConn-ILCC-LFP-n1,R0,11,1.3785665204827213
noisy1,UConn-ILCC-LFP-n1,R0,12,0.7076603407624167
noisy1,UConn-ILCC-LFP-n1,R0,13,1.0588685669106566
noisy1,UConn-ILCC-LFP-n1,R0,14,2.940580721585621
noisy1,UConn-ILCC-LFP-n1,R0,15,3.649811783307593
noisy1,UConn-ILCC-LFP-n1,R0,16,3.1333407094980608
noisy1,UConn-ILCC-LFP-n1,R0,17,3.0027379877573632
noisy1,UConn-ILCC-LFP-n1,R0,18,2.8729566260741546
noisy1,UConn-ILCC-LFP-n1,R0,19,3.0986395721551454
noisy1,UConn-ILCC-LFP-n1,R0,20,1.187529133092622
noisy1,UConn-ILCC-LFP-n1,R0,21,1.2441339073056066
noisy1,UConn-ILCC-LFP-n1,R0,22,1.1520242363433573
noisy1,UConn-ILCC-LFP-n1,R0,23,1.032628747677028
noisy1,UConn-ILCC-LFP-n1,R0,24,1.0079439192591961
noisy1,UConn-ILCC-LFP-n1,R0,25,0.9964401822069854
noisy1,UConn-ILCC-LFP-n1,R0,26,1.075478504596118
noisy1,UConn-ILCC-LFP-n1,R0,27,0.8528766801205011
noisy1,UConn-ILCC-LFP-n1,R0,28,1.5247575139408642
noisy1,UConn-ILCC-LFP-n1,R0,29,1.434830170936186
noisy1,UConn-ILCC-LFP-n1,R0,30,1.633037411221036
noisy1,UConn-ILCC-LFP-n1,R0,31,1.7055977160637366
noisy1,UConn-ILCC-LFP-n1,R0,32,2.312578937628105
noisy1,UConn-ILCC-LFP-n1,R0,33,2.879254201234726
noisy1,UConn-ILCC-LFP-n1,R0,34,2.1154415145231806
noisy1,UConn-ILCC-LFP-n1,R0,35,2.4895834657091993
noisy1,UConn-ILCC-LFP-n1,R0,36,1.6867331579128135
noisy1,UConn-ILCC-LFP-n1,R0,37,2.560394684125043
noisy1,UConn-ILCC-LFP-n1,R0,38,1.0149391834169983
noisy1,UConn-ILCC-LFP-n1,R0,39,0.8949490614071604
noisy1,UConn-ILCC-LFP-n1,R0,40,0.9905852394977389
noisy1,UConn-ILCC-LFP-n1,R0,41,0.9268576428938515
noisy1,UConn-ILCC-LFP-n1,R0,42,1.2253732059348343
noisy1,UConn-ILCC-LFP-n1,R0,43,1.06470588910698
noisy1,UConn-ILCC-LFP-n1,R0,44,1.47216103999657
noisy1,UConn-ILCC-LFP-n1,R0,45,1.5619164494112958
noisy1,UConn-ILCC-LFP-n1,R0,46,2.350006043992573
noisy1,UConn-ILCC-LFP-n1,R0,47,1.4663471751141568
noisy1,UConn-ILCC-LFP-n1,R0,48,1.6751866294486037
noisy1,UConn-ILCC-LFP-n1,R0,49,1.5416888146445016
noisy1,UConn-ILCC-LFP-n1,R0,50,1.711426816642457
noisy1,UConn-ILCC-LFP-n1,R0,51,2.1329639839684087
noisy1,UConn-ILCC-LFP-n1,R0,52,1.349522183627804
noisy1,UConn-ILCC-LFP-n1,R0,53,1.463672716995176
noisy1,UConn-ILCC-LFP-n1,R0,54,0.9809465223380966
noisy1,UConn-ILCC-LFP-n1,R0,55,1.5979276591347524
noisy1,UConn-ILCC-LFP-n1,R0,56,1.0338838392826029
noisy1,UConn-ILCC-LFP-n1,R0,57,1.778099992966623
noisy1,UConn-ILCC-LFP-n1,R0,58,1.481259900537922
noisy1,UConn-ILCC-LFP-n1,R0,59,1.5591769189599718
noisy1,UConn-ILCC-LFP-n1,R0,60,1.2444171327575195
noisy1,UConn-ILCC-LFP-n1,R0,61,1.020834705890061
noisy1,UConn-ILCC-LFP-n1,R0,62,1.085556716887642
noisy1,UConn-ILCC-LFP-n1,R0,63,0.9420541302020439
noisy1,UConn-ILCC-LFP-n1,R0,64,0.956325708478534
noisy1,UConn-ILCC-LFP-n1,R0,65,1.4479129359968947
noisy2,UConn-ILCC-LFP-n2,R0,2,1.8473886648629796
noisy2,UConn-ILCC-LFP-n2,R0,3,1.5855117548365356
noisy2,UConn-ILCC-LFP-n2,R0,4,1.7156753987729594
noisy2,UConn-ILCC-LFP-n2,R0,5,2.5642528178632182
noisy2,UConn-ILCC-LFP-n2,R0,6,1.5586725484527744
noisy2,UConn-ILCC-LFP-n2,R0,7,1.6383928576738607
noisy2,UConn-ILCC-LFP-n2,R0,8,1.0960643375636696
noisy2,UConn-ILCC-LFP-n2,R0,9,1.2662165342127039
noisy2,UConn-ILCC-LFP-n2,R0,10,1.7689217564238433
noisy2,UConn-ILCC-LFP-n2,R0,11,1.3758391890228838
noisy2,UConn-ILCC-LFP-n2,R0,12,0.7522841589667485
noisy2,UConn-ILCC-LFP-n2,R0,13,1.1343529028944965
noisy2,UConn-ILCC-LFP-n2,R0,14,3.4888959349922337
noisy2,UConn-ILCC-LFP-n2,R0,15,3.9081114777183834
noisy2,UConn-ILCC-LFP-n2,R0,16,3.523455949105847
noisy2,UConn-ILCC-LFP-n2,R0,17,3.325383372072857
noisy2,UConn-ILCC-LFP-n2,R0,18,3.2533100437118354
noisy2,UConn-ILCC-LFP-n2,R0,19,3.612622019935816
noisy2,UConn-ILCC-LFP-n2,R0,20,1.4602380039108134
noisy2,UConn-ILCC-LFP-n2,R0,21,1.4506279343454371
noisy2,UConn-ILCC-LFP-n2,R0,22,1.3841795325402584
noisy2,UConn-ILCC-LFP-n2,R0,23,1.3367669691848318
noisy2,UConn-ILCC-LFP-n2,R0,24,1.1586247768219553
noisy2,UConn-ILCC-LFP-n2,R0,25,1.2774470520510508
noisy2,UConn-ILCC-LFP-n2,R0,26,1.2519629319078522
noisy2,UConn-ILCC-LFP-n2,R0,27,1.1115354580737187
noisy2,UConn-ILCC-LFP-n2,R0,28,1.834839763471309
noisy2,UConn-ILCC-LFP-n2,R0,29,1.7836834818989293
noisy2,UConn-ILCC-LFP-n2,R0,30,1.9115627287993189
noisy2,UConn-ILCC-LFP-n2,R0,31,1.9859879549269952
noisy2,UConn-ILCC-LFP-n2,R0,32,2.4572495967190506
noisy2,UConn-ILCC-LFP-n2,R0,33,3.0549361293998083
noisy2,UConn-ILCC-LFP-n2,R0,34,2.0655445336296787
noisy2,UConn-ILCC-LFP-n2,R0,35,2.842575840491989
noisy2,UConn-ILCC-LFP-n2,R0,36,1.9168221099295595
noisy2,UConn-ILCC-LFP-n2,R0,37,2.76736068321679
noisy2,UConn-ILCC-LFP-n2,R0,38,1.0657645109883591
noisy2,UConn-ILCC-LFP-n2,R0,39,1.0767674592490015
noisy2,UConn-ILCC-LFP-n2,R0,40,1.1311253424066667
noisy2,UConn-ILCC-LFP-n2,R0,41,0.9636066678531998
noisy2,UConn-ILCC-LFP-n2,R0,42,1.2737104998184228
noisy2,UConn-ILCC-LFP-n2,R0,43,1.1021857123392496
noisy2,UConn-ILCC-LFP-n2,R0,44,1.425195636216042
noisy2,UConn-ILCC-LFP-n2,R0,45,1.4033647127157964
noisy2,UConn-ILCC-LFP-n2,R0,46,1.8828972556807295
noisy2,UConn-ILCC-LFP-n2,R0,47,1.5244240469680097
noisy2,UConn-ILCC-LFP-n2,R0,48,1.2777911729262195
noisy2,UConn-ILCC-LFP-n2,R0,49,1.538714339004663
noisy2,UConn-ILCC-LFP-n2,R0,50,1.8182189736401702
noisy2,UConn-ILCC-LFP-n2,R0,51,2.04189929774468
noisy2,UConn-ILCC-LFP-n2,R0,52,1.2941897364760093
noisy2,UConn-ILCC-LFP-n2,R0,53,1.6068586467021737
noisy2,UConn-ILCC-LFP-n2,R0,54,1.302875137237012
noisy2,UConn-ILCC-LFP-n2,R0,55,1.4511275487606132
noisy2,UConn-ILCC-LFP-n2,R0,56,1.3283998647641135
noisy2,UConn-ILCC-LFP-n2,R0,57,1.6039109503167353
noisy2,UConn-ILCC-LFP-n2,R0,58,1.4064350145589088
noisy2,UConn-ILCC-LFP-n2,R0,59,1.3190866342576941
noisy2,UConn-ILCC-LFP-n2,R0,60,1.3890593379030116
noisy2,UConn-ILCC-LFP-n2,R0,61,1.1397591626635213
noisy2,UConn-ILCC-LFP-n2,R0,62,1.048162124071901
noisy2,UConn-ILCC-LFP-n2,R0,63,0.9608945427066686
noisy2,UConn-ILCC-LFP-n2,R0,64,0.9410993774659612
noisy2,UConn-ILCC-LFP-n2,R0,65,0.9876019000226676
logo,UConn-ILCC-LFP,A2,2,1.6478897294539854
logo,UConn-ILCC-LFP,A2,3,3.184967349148352
logo,UConn-ILCC-LFP,A2,4,1.3636618528918938
logo,UConn-ILCC-LFP,A2,5,1.6920919008756794
logo,UConn-ILCC-LFP,A2,6,1.2494649425610012
logo,UConn-ILCC-LFP,A2,7,1.2458629390986335
logo,UConn-ILCC-LFP,A2,8,0.6632047738157242
logo,UConn-ILCC-LFP,A2,9,0.7644193533367479
logo,UConn-ILCC-LFP,A2,10,1.6098676851496834
logo,UConn-ILCC-LFP,A2,11,1.0796715604943585
logo,UConn-ILCC-LFP,A2,12,0.6229189096998763
logo,UConn-ILCC-LFP,A2,13,0.8616083319972824
logo,UConn-ILCC-LFP,A2,14,2.8943781281548184
logo,UConn-ILCC-LFP,A2,15,3.4563837227346093
logo,UConn-ILCC-LFP,A2,16,3.043090017009318
logo,UConn-ILCC-LFP,A2,17,2.8262635969601337
logo,UConn-ILCC-LFP,A2,18,2.519493628873151
logo,UConn-ILCC-LFP,A2,19,3.101563377064205
logo,UConn-ILCC-LFP,A2,20,1.467453667716738
logo,UConn-ILCC-LFP,A2,21,1.3316407526233591
logo,UConn-ILCC-LFP,A2,22,1.1846513048458445
logo,UConn-ILCC-LFP,A2,23,1.1458303874947935
logo,UConn-ILCC-LFP,A2,24,1.0536499685584564
logo,UConn-ILCC-LFP,A2,25,1.2233191092067048
logo,UConn-ILCC-LFP,A2,26,1.107123060662282
logo,UConn-ILCC-LFP,A2,27,0.8729167872702908
logo,UConn-ILCC-LFP,A2,28,1.5555411645676738
logo,UConn-ILCC-LFP,A2,29,1.3790940900472382
logo,UConn-ILCC-LFP,A2,30,1.701559644353976
logo,UConn-ILCC-LFP,A2,31,1.6721121014670146
logo,UConn-ILCC-LFP,A2,32,1.9076215860644516
logo,UConn-ILCC-LFP,A2,33,2.6080063195789496
logo,UConn-ILCC-LFP,A2,34,1.9786565985087883
logo,UConn-ILCC-LFP,A2,35,2.189071345710445
logo,UConn-ILCC-LFP,A2,36,1.214745502240527
logo,UConn-ILCC-LFP,A2,37,2.1327173366689114
logo,UConn-ILCC-LFP,A2,38,0.9241038250614947
logo,UConn-ILCC-LFP,A2,39,1.0766477349572905
logo,UConn-ILCC-LFP,A2,40,1.0544882784561522
logo,UConn-ILCC-LFP,A2,41,1.0956036088556964
logo,UConn-ILCC-LFP,A2,42,1.2827162049137362
logo,UConn-ILCC-LFP,A2,43,1.0360852218307894
logo,UConn-ILCC-LFP,A2,44,1.582708419163777
logo,UConn-ILCC-LFP,A2,45,1.6940664736103426
logo,UConn-ILCC-LFP,A2,46,2.46386054457898
logo,UConn-ILCC-LFP,A2,47,1.593243131897675
logo,UConn-ILCC-LFP,A2,48,1.7115559898074182
logo,UConn-ILCC-LFP,A2,49,1.7483409661551021
logo,UConn-ILCC-LFP,A2,50,1.6127447071336467
logo,UConn-ILCC-LFP,A2,51,2.0918544046828536
logo,UConn-ILCC-LFP,A2,52,1.2248639638610805
logo,UConn-ILCC-LFP,A2,53,1.5294191228597107
logo,UConn-ILCC-LFP,A2,54,1.0455396593451305
logo,UConn-ILCC-LFP,A2,55,1.4650759160227924
logo,UConn-ILCC-LFP,A2,56,1.0447244279535284
logo,UConn-ILCC-LFP,A2,57,2.1293486278165488
logo,UConn-ILCC-LFP,A2,58,1.7753194386373605
logo,UConn-ILCC-LFP,A2,59,1.8967736591996764
logo,UConn-ILCC-LFP,A2,60,1.2250841466456757
logo,UConn-ILCC-LFP,A2,61,1.5226354835218725
logo,UConn-ILCC-LFP,A2,62,1.1476515397556193
logo,UConn-ILCC-LFP,A2,63,1.0533254625002353
logo,UConn-ILCC-LFP,A2,64,1.0335114924507252
logo,UConn-ILCC-LFP,A2,65,1.413998622765732
noisy1,UConn-ILCC-LFP-n1,A2,2,1.9984934465657511
noisy1,UConn-ILCC-LFP-n1,A2,3,2.715471001634326
noisy1,UConn-ILCC-LFP-n1,A2,4,1.615696757514258
noisy1,UConn-ILCC-LFP-n1,A2,5,2.1651460752332166
noisy1,UConn-ILCC-LFP-n1,A2,6,1.3545885904401358
noisy1,UConn-ILCC-LFP-n1,A2,7,1.4544853843105887
noisy1,UConn-ILCC-LFP-n1,A2,8,0.9876227856626768
noisy1,UConn-ILCC-LFP-n1,A2,9,0.9976911652766862
noisy1,UConn-ILCC-LFP-n1,A2,10,1.858519204469393
noisy1,UConn-ILCC-LFP-n1,A2,11,1.4836402559903068
noisy1,UConn-ILCC-LFP-n1,A2,12,0.8325739183111621
noisy1,UConn-ILCC-LFP-n1,A2,13,1.1014653809728472
noisy1,UConn-ILCC-LFP-n1,A2,14,3.059258101902232
noisy1,UConn-ILCC-LFP-n1,A2,15,3.7343900189188504
noisy1,UConn-ILCC-LFP-n1,A2,16,3.238109996902805
noisy1,UConn-ILCC-LFP-n1,A2,17,2.942723207321304
noisy1,UConn-ILCC-LFP-n1,A2,18,2.9018448220407222
noisy1,UConn-ILCC-LFP-n1,A2,19,3.0166376376927757
noisy1,UConn-ILCC-LFP-n1,A2,20,1.411208969454341
noisy1,UConn-ILCC-LFP-n1,A2,21,1.3275379371110707
noisy1,UConn-ILCC-LFP-n1,A2,22,1.2288795331008509
noisy1,UConn-ILCC-LFP-n1,A2,23,1.140487758695387
noisy1,UConn-ILCC-LFP-n1,A2,24,1.1504977554684201
noisy1,UConn-ILCC-LFP-n1,A2,25,1.1865578273542106
noisy1,UConn-ILCC-LFP-n1,A2,26,1.203396443396789
noisy1,UConn-ILCC-LFP-n1,A2,27,1.0135076979152349
noisy1,UConn-ILCC-LFP-n1,A2,28,1.5634708549839056
noisy1,UConn-ILCC-LFP-n1,A2,29,1.468620554904619
noisy1,UConn-ILCC-LFP-n1,A2,30,1.6643277906020908
noisy1,UConn-ILCC-LFP-n1,A2,31,1.6706864214456096
noisy1,UConn-ILCC-LFP-n1,A2,32,2.293487429368421
noisy1,UConn-ILCC-LFP-n1,A2,33,2.885132741735218
noisy1,UConn-ILCC-LFP-n1,A2,34,2.1659823560428713
noisy1,UConn-ILCC-LFP-n1,A2,35,2.561821754334303
noisy1,UConn-ILCC-LFP-n1,A2,36,1.7782497829267392
noisy1,UConn-ILCC-LFP-n1,A2,37,2.5761594439897326
noisy1,UConn-ILCC-LFP-n1,A2,38,1.013483979741588
noisy1,UConn-ILCC-LFP-n1,A2,39,1.148988554127959
noisy1,UConn-ILCC-LFP-n1,A2,40,1.1308807932793101
noisy1,UConn-ILCC-LFP-n1,A2,41,1.1604402224235688
noisy1,UConn-ILCC-LFP-n1,A2,42,1.3788915086779845
noisy1,UConn-ILCC-LFP-n1,A2,43,1.1507707420240594
noisy1,UConn-ILCC-LFP-n1,A2,44,1.519264030441904
noisy1,UConn-ILCC-LFP-n1,A2,45,1.463496416253072
noisy1,UConn-ILCC-LFP-n1,A2,46,2.248892077039708
noisy1,UConn-ILCC-LFP-n1,A2,47,1.3523173018701318
noisy1,UConn-ILCC-LFP-n1,A2,48,1.671799512192513
noisy1,UConn-ILCC-LFP-n1,A2,49,1.649797757236185
noisy1,UConn-ILCC-LFP-n1,A2,50,1.73220646000624
noisy1,UConn-ILCC-LFP-n1,A2,51,2.182826325901148
noisy1,UConn-ILCC-LFP-n1,A2,52,1.3936115918267218
noisy1,UConn-ILCC-LFP-n1,A2,53,1.61164262242181
noisy1,UConn-ILCC-LFP-n1,A2,54,1.0939384517721356
noisy1,UConn-ILCC-LFP-n1,A2,55,1.5419335885157015
noisy1,UConn-ILCC-LFP-n1,A2,56,1.1651942094050547
noisy1,UConn-ILCC-LFP-n1,A2,57,1.8180407835371517
noisy1,UConn-ILCC-LFP-n1,A2,58,1.5387090844296774
noisy1,UConn-ILCC-LFP-n1,A2,59,1.5855782937419265
noisy1,UConn-ILCC-LFP-n1,A2,60,1.3188421625183824
noisy1,UConn-ILCC-LFP-n1,A2,61,1.2026153317023254
noisy1,UConn-ILCC-LFP-n1,A2,62,1.100869342178038
noisy1,UConn-ILCC-LFP-n1,A2,63,1.027007811202431
noisy1,UConn-ILCC-LFP-n1,A2,64,1.0375584790218024
noisy1,UConn-ILCC-LFP-n1,A2,65,1.4002158281565409
noisy2,UConn-ILCC-LFP-n2,A2,2,1.870668774225163
noisy2,UConn-ILCC-LFP-n2,A2,3,1.339905806924705
noisy2,UConn-ILCC-LFP-n2,A2,4,1.7680159081444442
noisy2,UConn-ILCC-LFP-n2,A2,5,2.5307767163953065
noisy2,UConn-ILCC-LFP-n2,A2,6,1.6700019463737237
noisy2,UConn-ILCC-LFP-n2,A2,7,1.7760413044491727
noisy2,UConn-ILCC-LFP-n2,A2,8,1.2416299273041431
noisy2,UConn-ILCC-LFP-n2,A2,9,1.1525755796721
noisy2,UConn-ILCC-LFP-n2,A2,10,1.9620331923809922
noisy2,UConn-ILCC-LFP-n2,A2,11,1.4385385118995666
noisy2,UConn-ILCC-LFP-n2,A2,12,0.8741703452365511
noisy2,UConn-ILCC-LFP-n2,A2,13,1.2729637647578909
noisy2,UConn-ILCC-LFP-n2,A2,14,3.525414106078175
noisy2,UConn-ILCC-LFP-n2,A2,15,3.8550982543488086
noisy2,UConn-ILCC-LFP-n2,A2,16,3.5422690700765576
noisy2,UConn-ILCC-LFP-n2,A2,17,3.3651310105064653
noisy2,UConn-ILCC-LFP-n2,A2,18,3.300731526664123
noisy2,UConn-ILCC-LFP-n2,A2,19,3.4187149719770193
noisy2,UConn-ILCC-LFP-n2,A2,20,1.7172142869668274
noisy2,UConn-ILCC-LFP-n2,A2,21,1.596847083574917
noisy2,UConn-ILCC-LFP-n2,A2,22,1.371625759053888
noisy2,UConn-ILCC-LFP-n2,A2,23,1.4223342942544646
noisy2,UConn-ILCC-LFP-n2,A2,24,1.3578250548842605
noisy2,UConn-ILCC-LFP-n2,A2,25,1.407863844273244
noisy2,UConn-ILCC-LFP-n2,A2,26,1.3532943819318886
noisy2,UConn-ILCC-LFP-n2,A2,27,1.1480172665354953
noisy2,UConn-ILCC-LFP-n2,A2,28,1.7508899732236418
noisy2,UConn-ILCC-LFP-n2,A2,29,1.7457190525980062
noisy2,UConn-ILCC-LFP-n2,A2,30,1.753961999935467
noisy2,UConn-ILCC-LFP-n2,A2,31,1.8984274876415077
noisy2,UConn-ILCC-LFP-n2,A2,32,2.5318080113918557
noisy2,UConn-ILCC-LFP-n2,A2,33,3.079295117940901
noisy2,UConn-ILCC-LFP-n2,A2,34,2.2625313235545934
noisy2,UConn-ILCC-LFP-n2,A2,35,2.866563539314752
noisy2,UConn-ILCC-LFP-n2,A2,36,1.938448699770582
noisy2,UConn-ILCC-LFP-n2,A2,37,2.8092171141967683
noisy2,UConn-ILCC-LFP-n2,A2,38,1.0580564556014302
noisy2,UConn-ILCC-LFP-n2,A2,39,1.2399243473372885
noisy2,UConn-ILCC-LFP-n2,A2,40,1.3055349334075708
noisy2,UConn-ILCC-LFP-n2,A2,41,1.145738701559332
noisy2,UConn-ILCC-LFP-n2,A2,42,1.4274450395191467
noisy2,UConn-ILCC-LFP-n2,A2,43,1.2673752908950344
noisy2,UConn-ILCC-LFP-n2,A2,44,1.3120050358902502
noisy2,UConn-ILCC-LFP-n2,A2,45,1.3157788028974668
noisy2,UConn-ILCC-LFP-n2,A2,46,1.8041610068048992
noisy2,UConn-ILCC-LFP-n2,A2,47,1.3977376707838607
noisy2,UConn-ILCC-LFP-n2,A2,48,1.2873207384453609
noisy2,UConn-ILCC-LFP-n2,A2,49,1.577385021339479
noisy2,UConn-ILCC-LFP-n2,A2,50,1.9304027707196585
noisy2,UConn-ILCC-LFP-n2,A2,51,2.202206651629233
noisy2,UConn-ILCC-LFP-n2,A2,52,1.2829138044413337
noisy2,UConn-ILCC-LFP-n2,A2,53,1.7033206999710135
noisy2,UConn-ILCC-LFP-n2,A2,54,1.480897538439838
noisy2,UConn-ILCC-LFP-n2,A2,55,1.2756899290863786
noisy2,UConn-ILCC-LFP-n2,A2,56,1.4087539888274014
noisy2,UConn-ILCC-LFP-n2,A2,57,1.6711303681921195
noisy2,UConn-ILCC-LFP-n2,A2,58,1.4732665981344955
noisy2,UConn-ILCC-LFP-n2,A2,59,1.509151154065485
noisy2,UConn-ILCC-LFP-n2,A2,60,1.4071760503500048
noisy2,UConn-ILCC-LFP-n2,A2,61,1.2693800300064269
noisy2,UConn-ILCC-LFP-n2,A2,62,1.0538439319375916
noisy2,UConn-ILCC-LFP-n2,A2,63,1.039053941740677
noisy2,UConn-ILCC-LFP-n2,A2,64,1.0931995932622975
noisy2,UConn-ILCC-LFP-n2,A2,65,0.8070108482873642
logo,UConn-ILCC-LFP,GBDT,2,1.1503807375186892
logo,UConn-ILCC-LFP,GBDT,3,3.1688137816914295
logo,UConn-ILCC-LFP,GBDT,4,0.8757760081122952
logo,UConn-ILCC-LFP,GBDT,5,1.070770386238608
logo,UConn-ILCC-LFP,GBDT,6,0.9437565048987381
logo,UConn-ILCC-LFP,GBDT,7,0.8866637737306844
logo,UConn-ILCC-LFP,GBDT,8,0.4157473010834429
logo,UConn-ILCC-LFP,GBDT,9,0.6226998018978541
logo,UConn-ILCC-LFP,GBDT,10,1.5019066484307024
logo,UConn-ILCC-LFP,GBDT,11,0.8575134156759548
logo,UConn-ILCC-LFP,GBDT,12,0.5523661733249201
logo,UConn-ILCC-LFP,GBDT,13,0.5854751805359745
logo,UConn-ILCC-LFP,GBDT,14,3.2996343696806694
logo,UConn-ILCC-LFP,GBDT,15,4.414079582539482
logo,UConn-ILCC-LFP,GBDT,16,4.109687636831775
logo,UConn-ILCC-LFP,GBDT,17,3.0707183240103912
logo,UConn-ILCC-LFP,GBDT,18,2.758719495030549
logo,UConn-ILCC-LFP,GBDT,19,3.82998960145886
logo,UConn-ILCC-LFP,GBDT,20,1.1664935820286286
logo,UConn-ILCC-LFP,GBDT,21,0.9332749416384871
logo,UConn-ILCC-LFP,GBDT,22,0.9671550892090549
logo,UConn-ILCC-LFP,GBDT,23,0.6760649796359387
logo,UConn-ILCC-LFP,GBDT,24,0.5835446170575991
logo,UConn-ILCC-LFP,GBDT,25,0.7842228547515119
logo,UConn-ILCC-LFP,GBDT,26,0.9683711528645074
logo,UConn-ILCC-LFP,GBDT,27,0.5029927901079772
logo,UConn-ILCC-LFP,GBDT,28,1.5598175662927263
logo,UConn-ILCC-LFP,GBDT,29,1.3720760300130788
logo,UConn-ILCC-LFP,GBDT,30,1.5077870404202218
logo,UConn-ILCC-LFP,GBDT,31,1.799987414922665
logo,UConn-ILCC-LFP,GBDT,32,1.6078358843824538
logo,UConn-ILCC-LFP,GBDT,33,2.4832293107924364
logo,UConn-ILCC-LFP,GBDT,34,1.780742684336416
logo,UConn-ILCC-LFP,GBDT,35,1.8011053862782656
logo,UConn-ILCC-LFP,GBDT,36,0.7719279624378157
logo,UConn-ILCC-LFP,GBDT,37,1.4503485221717451
logo,UConn-ILCC-LFP,GBDT,38,0.9312785488236869
logo,UConn-ILCC-LFP,GBDT,39,0.7287916286957332
logo,UConn-ILCC-LFP,GBDT,40,0.6757709360414028
logo,UConn-ILCC-LFP,GBDT,41,0.656492324418644
logo,UConn-ILCC-LFP,GBDT,42,0.7500847170348703
logo,UConn-ILCC-LFP,GBDT,43,0.5104169953540376
logo,UConn-ILCC-LFP,GBDT,44,1.266100468656299
logo,UConn-ILCC-LFP,GBDT,45,1.8085054229963606
logo,UConn-ILCC-LFP,GBDT,46,2.43095186259559
logo,UConn-ILCC-LFP,GBDT,47,1.7190401480621593
logo,UConn-ILCC-LFP,GBDT,48,1.616326812905137
logo,UConn-ILCC-LFP,GBDT,49,1.8726734637209326
logo,UConn-ILCC-LFP,GBDT,50,1.3639661798382814
logo,UConn-ILCC-LFP,GBDT,51,1.8290889563248491
logo,UConn-ILCC-LFP,GBDT,52,1.1300481314439152
logo,UConn-ILCC-LFP,GBDT,53,1.0330951069657763
logo,UConn-ILCC-LFP,GBDT,54,0.6187554098293104
logo,UConn-ILCC-LFP,GBDT,55,1.5985679805734132
logo,UConn-ILCC-LFP,GBDT,56,0.7769254894208891
logo,UConn-ILCC-LFP,GBDT,57,1.5559759843821492
logo,UConn-ILCC-LFP,GBDT,58,1.2449228638051475
logo,UConn-ILCC-LFP,GBDT,59,1.3340113180160498
logo,UConn-ILCC-LFP,GBDT,60,0.9692917021247477
logo,UConn-ILCC-LFP,GBDT,61,1.1292414471797168
logo,UConn-ILCC-LFP,GBDT,62,0.6079477593111083
logo,UConn-ILCC-LFP,GBDT,63,0.5889634754119908
logo,UConn-ILCC-LFP,GBDT,64,0.5258667293531906
logo,UConn-ILCC-LFP,GBDT,65,1.5342827013691185
noisy1,UConn-ILCC-LFP-n1,GBDT,2,1.5759757283765299
noisy1,UConn-ILCC-LFP-n1,GBDT,3,2.4724865024913107
noisy1,UConn-ILCC-LFP-n1,GBDT,4,1.2689078563065415
noisy1,UConn-ILCC-LFP-n1,GBDT,5,1.7768120080543277
noisy1,UConn-ILCC-LFP-n1,GBDT,6,1.1008694403488801
noisy1,UConn-ILCC-LFP-n1,GBDT,7,1.1997908201050471
noisy1,UConn-ILCC-LFP-n1,GBDT,8,0.7071258453044663
noisy1,UConn-ILCC-LFP-n1,GBDT,9,0.6891279286617841
noisy1,UConn-ILCC-LFP-n1,GBDT,10,1.7128334773188911
noisy1,UConn-ILCC-LFP-n1,GBDT,11,0.9873788534825614
noisy1,UConn-ILCC-LFP-n1,GBDT,12,0.4967987850385219
noisy1,UConn-ILCC-LFP-n1,GBDT,13,0.6246342843819408
noisy1,UConn-ILCC-LFP-n1,GBDT,14,2.9897828619234645
noisy1,UConn-ILCC-LFP-n1,GBDT,15,3.580152641710709
noisy1,UConn-ILCC-LFP-n1,GBDT,16,3.37206629159383
noisy1,UConn-ILCC-LFP-n1,GBDT,17,2.6241130248403635
noisy1,UConn-ILCC-LFP-n1,GBDT,18,2.144676006098594
noisy1,UConn-ILCC-LFP-n1,GBDT,19,2.012505459561899
noisy1,UConn-ILCC-LFP-n1,GBDT,20,1.1466261556366473
noisy1,UConn-ILCC-LFP-n1,GBDT,21,1.069950411286632
noisy1,UConn-ILCC-LFP-n1,GBDT,22,1.0175859980005155
noisy1,UConn-ILCC-LFP-n1,GBDT,23,0.7301588401398085
noisy1,UConn-ILCC-LFP-n1,GBDT,24,0.7812365929942306
noisy1,UConn-ILCC-LFP-n1,GBDT,25,0.8605669047174497
noisy1,UConn-ILCC-LFP-n1,GBDT,26,0.8436656665415085
noisy1,UConn-ILCC-LFP-n1,GBDT,27,0.5831711982506818
noisy1,UConn-ILCC-LFP-n1,GBDT,28,1.4456882609591934
noisy1,UConn-ILCC-LFP-n1,GBDT,29,1.3710411356877201
noisy1,UConn-ILCC-LFP-n1,GBDT,30,1.278271734496966
noisy1,UConn-ILCC-LFP-n1,GBDT,31,2.270678808655579
noisy1,UConn-ILCC-LFP-n1,GBDT,32,1.8437970986734127
noisy1,UConn-ILCC-LFP-n1,GBDT,33,2.7772455941987295
noisy1,UConn-ILCC-LFP-n1,GBDT,34,2.0928774273889776
noisy1,UConn-ILCC-LFP-n1,GBDT,35,2.3209505030722464
noisy1,UConn-ILCC-LFP-n1,GBDT,36,1.107923238268543
noisy1,UConn-ILCC-LFP-n1,GBDT,37,2.125367824372332
noisy1,UConn-ILCC-LFP-n1,GBDT,38,0.8165139785324185
noisy1,UConn-ILCC-LFP-n1,GBDT,39,0.7798616074483891
noisy1,UConn-ILCC-LFP-n1,GBDT,40,0.6082849920078149
noisy1,UConn-ILCC-LFP-n1,GBDT,41,0.5880562932255605
noisy1,UConn-ILCC-LFP-n1,GBDT,42,0.9467629439595975
noisy1,UConn-ILCC-LFP-n1,GBDT,43,0.680201680114991
noisy1,UConn-ILCC-LFP-n1,GBDT,44,1.4450962279024173
noisy1,UConn-ILCC-LFP-n1,GBDT,45,1.40637969127174
noisy1,UConn-ILCC-LFP-n1,GBDT,46,2.4781880387697095
noisy1,UConn-ILCC-LFP-n1,GBDT,47,1.5127882824777088
noisy1,UConn-ILCC-LFP-n1,GBDT,48,1.4154914254494864
noisy1,UConn-ILCC-LFP-n1,GBDT,49,1.510256056402503
noisy1,UConn-ILCC-LFP-n1,GBDT,50,1.7810115565929374
noisy1,UConn-ILCC-LFP-n1,GBDT,51,1.5738092547549236
noisy1,UConn-ILCC-LFP-n1,GBDT,52,0.9716129082180532
noisy1,UConn-ILCC-LFP-n1,GBDT,53,1.123532711645437
noisy1,UConn-ILCC-LFP-n1,GBDT,54,0.617339916573535
noisy1,UConn-ILCC-LFP-n1,GBDT,55,1.232286276751663
noisy1,UConn-ILCC-LFP-n1,GBDT,56,0.7845102675240976
noisy1,UConn-ILCC-LFP-n1,GBDT,57,1.284107317504182
noisy1,UConn-ILCC-LFP-n1,GBDT,58,1.0512902212661126
noisy1,UConn-ILCC-LFP-n1,GBDT,59,1.091958897309703
noisy1,UConn-ILCC-LFP-n1,GBDT,60,1.0087545145299628
noisy1,UConn-ILCC-LFP-n1,GBDT,61,0.6561802444630631
noisy1,UConn-ILCC-LFP-n1,GBDT,62,0.7658841012247998
noisy1,UConn-ILCC-LFP-n1,GBDT,63,0.5909267424622412
noisy1,UConn-ILCC-LFP-n1,GBDT,64,0.4493108040382486
noisy1,UConn-ILCC-LFP-n1,GBDT,65,1.6380045949589057
noisy2,UConn-ILCC-LFP-n2,GBDT,2,1.5673043294595166
noisy2,UConn-ILCC-LFP-n2,GBDT,3,1.2264594554142179
noisy2,UConn-ILCC-LFP-n2,GBDT,4,1.4181936933818053
noisy2,UConn-ILCC-LFP-n2,GBDT,5,2.1732125191664386
noisy2,UConn-ILCC-LFP-n2,GBDT,6,1.285292536901785
noisy2,UConn-ILCC-LFP-n2,GBDT,7,1.5204007385979617
noisy2,UConn-ILCC-LFP-n2,GBDT,8,0.8718181905722291
noisy2,UConn-ILCC-LFP-n2,GBDT,9,0.8538056476429594
noisy2,UConn-ILCC-LFP-n2,GBDT,10,1.3875763167245194
noisy2,UConn-ILCC-LFP-n2,GBDT,11,1.0098690175358087
noisy2,UConn-ILCC-LFP-n2,GBDT,12,0.4879743409432361
noisy2,UConn-ILCC-LFP-n2,GBDT,13,0.6528532953304811
noisy2,UConn-ILCC-LFP-n2,GBDT,14,3.4090437655139345
noisy2,UConn-ILCC-LFP-n2,GBDT,15,3.545435861595616
noisy2,UConn-ILCC-LFP-n2,GBDT,16,3.2617148415995203
noisy2,UConn-ILCC-LFP-n2,GBDT,17,2.8494927218054067
noisy2,UConn-ILCC-LFP-n2,GBDT,18,2.5371008647688917
noisy2,UConn-ILCC-LFP-n2,GBDT,19,2.6487488876823315
noisy2,UConn-ILCC-LFP-n2,GBDT,20,1.293895619998698
noisy2,UConn-ILCC-LFP-n2,GBDT,21,1.2815282693393981
noisy2,UConn-ILCC-LFP-n2,GBDT,22,1.1233085679841568
noisy2,UConn-ILCC-LFP-n2,GBDT,23,0.7738603420775074
noisy2,UConn-ILCC-LFP-n2,GBDT,24,1.0590990283447848
noisy2,UConn-ILCC-LFP-n2,GBDT,25,1.0385030340231183
noisy2,UConn-ILCC-LFP-n2,GBDT,26,0.9744389334543202
noisy2,UConn-ILCC-LFP-n2,GBDT,27,0.7739847971338439
noisy2,UConn-ILCC-LFP-n2,GBDT,28,1.6514857062322026
noisy2,UConn-ILCC-LFP-n2,GBDT,29,1.5545649299454416
noisy2,UConn-ILCC-LFP-n2,GBDT,30,1.5274855251614798
noisy2,UConn-ILCC-LFP-n2,GBDT,31,2.465722726394319
noisy2,UConn-ILCC-LFP-n2,GBDT,32,2.0357155570552496
noisy2,UConn-ILCC-LFP-n2,GBDT,33,2.965698740335778
noisy2,UConn-ILCC-LFP-n2,GBDT,34,2.059933854124052
noisy2,UConn-ILCC-LFP-n2,GBDT,35,2.5162392130908744
noisy2,UConn-ILCC-LFP-n2,GBDT,36,1.2943100226474273
noisy2,UConn-ILCC-LFP-n2,GBDT,37,2.6195688308546403
noisy2,UConn-ILCC-LFP-n2,GBDT,38,0.856521908349066
noisy2,UConn-ILCC-LFP-n2,GBDT,39,0.8726405889113226
noisy2,UConn-ILCC-LFP-n2,GBDT,40,0.6372076862924043
noisy2,UConn-ILCC-LFP-n2,GBDT,41,0.6924230314051134
noisy2,UConn-ILCC-LFP-n2,GBDT,42,0.908332362670929
noisy2,UConn-ILCC-LFP-n2,GBDT,43,0.6576705033455418
noisy2,UConn-ILCC-LFP-n2,GBDT,44,1.2240581785032079
noisy2,UConn-ILCC-LFP-n2,GBDT,45,1.4068036178518575
noisy2,UConn-ILCC-LFP-n2,GBDT,46,1.9680920248771365
noisy2,UConn-ILCC-LFP-n2,GBDT,47,1.412598456550557
noisy2,UConn-ILCC-LFP-n2,GBDT,48,1.0625152709166596
noisy2,UConn-ILCC-LFP-n2,GBDT,49,1.4355981948619823
noisy2,UConn-ILCC-LFP-n2,GBDT,50,1.9960535605049685
noisy2,UConn-ILCC-LFP-n2,GBDT,51,1.2901576153941772
noisy2,UConn-ILCC-LFP-n2,GBDT,52,0.865121624944477
noisy2,UConn-ILCC-LFP-n2,GBDT,53,0.970242616426948
noisy2,UConn-ILCC-LFP-n2,GBDT,54,0.8614463779415297
noisy2,UConn-ILCC-LFP-n2,GBDT,55,1.0823986083968804
noisy2,UConn-ILCC-LFP-n2,GBDT,56,0.9034411379987013
noisy2,UConn-ILCC-LFP-n2,GBDT,57,1.2181887164657517
noisy2,UConn-ILCC-LFP-n2,GBDT,58,0.9780611769543772
noisy2,UConn-ILCC-LFP-n2,GBDT,59,1.1763354202245493
noisy2,UConn-ILCC-LFP-n2,GBDT,60,1.0240010972249518
noisy2,UConn-ILCC-LFP-n2,GBDT,61,0.8707042087982426
noisy2,UConn-ILCC-LFP-n2,GBDT,62,0.5790353399103185
noisy2,UConn-ILCC-LFP-n2,GBDT,63,0.6511855481621845
noisy2,UConn-ILCC-LFP-n2,GBDT,64,0.5650102476526541
noisy2,UConn-ILCC-LFP-n2,GBDT,65,1.2349869991264695
nmc,UConn-ILCC-NMC,R0,1,1.9368977871597817
nmc,UConn-ILCC-NMC,R0,2,1.2414173892207456
nmc,UConn-ILCC-NMC,R0,3,1.2079028367749591
nmc,UConn-ILCC-NMC,R0,4,1.7778734562361451
nmc,UConn-ILCC-NMC,R0,5,1.1824214072341388
nmc,UConn-ILCC-NMC,R0,6,3.392954698902504
nmc,UConn-ILCC-NMC,R0,7,2.2624725671324106
nmc,UConn-ILCC-NMC,R0,8,4.582916508218766
nmc,UConn-ILCC-NMC,R0,9,1.3566906008520931
nmc,UConn-ILCC-NMC,R0,10,1.2457469039455213
nmc,UConn-ILCC-NMC,R0,11,1.170526400904352
nmc,UConn-ILCC-NMC,R0,12,1.1615984086739501
nmc,UConn-ILCC-NMC,R0,13,1.6553045186419915
nmc,UConn-ILCC-NMC,R0,14,2.26284178211939
nmc,UConn-ILCC-NMC,R0,15,1.8779498596206612
nmc,UConn-ILCC-NMC,R0,16,2.011770544066471
nmc,UConn-ILCC-NMC,R0,17,1.331428153355124
nmc,UConn-ILCC-NMC,R0,18,1.0927993087345285
nmc,UConn-ILCC-NMC,R0,19,1.3589373636401836
nmc,UConn-ILCC-NMC,R0,20,1.395087599573323
nmc,UConn-ILCC-NMC,R0,21,2.1963486210821355
nmc,UConn-ILCC-NMC,R0,22,1.5742639038709392
nmc,UConn-ILCC-NMC,R0,23,1.6025112983956946
nmc,UConn-ILCC-NMC,R0,24,1.2362396802878186
nmc,UConn-ILCC-NMC,R0,25,2.051250898947839
nmc,UConn-ILCC-NMC,R0,26,1.8233021344890643
nmc,UConn-ILCC-NMC,R0,27,2.0016813196761594
nmc,UConn-ILCC-NMC,R0,28,1.610475068438645
nmc,UConn-ILCC-NMC,R0,29,1.7544138192756389
nmc,UConn-ILCC-NMC,R0,30,1.6786112639805708
nmc,UConn-ILCC-NMC,R0,31,1.4319594233084925
nmc,UConn-ILCC-NMC,R0,32,2.0588458186685
nmc,UConn-ILCC-NMC,R0,33,3.8254654844163
nmc,UConn-ILCC-NMC,R0,34,3.426813725595645
nmc,UConn-ILCC-NMC,R0,35,4.921333806497029
nmc,UConn-ILCC-NMC,R0,36,4.142330815078654
nmc,UConn-ILCC-NMC,R0,37,2.0576523924128267
nmc,UConn-ILCC-NMC,R0,38,1.863093930009524
nmc,UConn-ILCC-NMC,R0,39,1.833625168072827
nmc,UConn-ILCC-NMC,R0,40,1.9513653260608752
nmc,UConn-ILCC-NMC,R0,41,1.8495328065935748
nmc,UConn-ILCC-NMC,R0,42,3.184985244474562
nmc,UConn-ILCC-NMC,R0,43,2.0774765764530523
nmc,UConn-ILCC-NMC,R0,44,1.646268048044287
nmc,UConn-ILCC-NMC,A2,1,2.1198832214642813
nmc,UConn-ILCC-NMC,A2,2,1.2462825922782472
nmc,UConn-ILCC-NMC,A2,3,1.4723093428568303
nmc,UConn-ILCC-NMC,A2,4,2.052010633491536
nmc,UConn-ILCC-NMC,A2,5,1.2961831467337195
nmc,UConn-ILCC-NMC,A2,6,3.0783978015434266
nmc,UConn-ILCC-NMC,A2,7,2.705069549494409
nmc,UConn-ILCC-NMC,A2,8,4.801520557859995
nmc,UConn-ILCC-NMC,A2,9,1.2836738644792849
nmc,UConn-ILCC-NMC,A2,10,1.211431600198808
nmc,UConn-ILCC-NMC,A2,11,1.116864445601636
nmc,UConn-ILCC-NMC,A2,12,1.075609000544772
nmc,UConn-ILCC-NMC,A2,13,1.5928547469380063
nmc,UConn-ILCC-NMC,A2,14,2.336066000019473
nmc,UConn-ILCC-NMC,A2,15,1.9721008716197364
nmc,UConn-ILCC-NMC,A2,16,1.9534623550543835
nmc,UConn-ILCC-NMC,A2,17,1.4536897319600655
nmc,UConn-ILCC-NMC,A2,18,0.9857128200271995
nmc,UConn-ILCC-NMC,A2,19,1.3690134313827065
nmc,UConn-ILCC-NMC,A2,20,1.4023214742537469
nmc,UConn-ILCC-NMC,A2,21,2.397793408951772
nmc,UConn-ILCC-NMC,A2,22,1.6117817242715773
nmc,UConn-ILCC-NMC,A2,23,1.5768293208681632
nmc,UConn-ILCC-NMC,A2,24,1.3428260173209061
nmc,UConn-ILCC-NMC,A2,25,1.66118675916303
nmc,UConn-ILCC-NMC,A2,26,1.9430499405634365
nmc,UConn-ILCC-NMC,A2,27,1.9733371753788196
nmc,UConn-ILCC-NMC,A2,28,1.4412138512996
nmc,UConn-ILCC-NMC,A2,29,1.962702316990497
nmc,UConn-ILCC-NMC,A2,30,1.5684714639520874
nmc,UConn-ILCC-NMC,A2,31,1.2026090923407469
nmc,UConn-ILCC-NMC,A2,32,1.8761197915522339
nmc,UConn-ILCC-NMC,A2,33,4.063681729280045
nmc,UConn-ILCC-NMC,A2,34,3.25668046984025
nmc,UConn-ILCC-NMC,A2,35,4.579008914627614
nmc,UConn-ILCC-NMC,A2,36,3.807511259736406
nmc,UConn-ILCC-NMC,A2,37,2.0268576447088233
nmc,UConn-ILCC-NMC,A2,38,1.6752165609084724
nmc,UConn-ILCC-NMC,A2,39,1.5477795250287218
nmc,UConn-ILCC-NMC,A2,40,1.786581746945305
nmc,UConn-ILCC-NMC,A2,41,2.03344478615505
nmc,UConn-ILCC-NMC,A2,42,3.4529918263093573
nmc,UConn-ILCC-NMC,A2,43,1.9239174037042197
nmc,UConn-ILCC-NMC,A2,44,1.9099251845152294
nmc,UConn-ILCC-NMC,A1,1,2.2522975241546233
nmc,UConn-ILCC-NMC,A1,2,1.3486123880989478
nmc,UConn-ILCC-NMC,A1,3,1.7404578953221452
nmc,UConn-ILCC-NMC,A1,4,1.8835571033971217
nmc,UConn-ILCC-NMC,A1,5,1.7263656656765451
nmc,UConn-ILCC-NMC,A1,6,3.1494109413572153
nmc,UConn-ILCC-NMC,A1,7,2.750932310387993
nmc,UConn-ILCC-NMC,A1,8,5.679508381020646
nmc,UConn-ILCC-NMC,A1,9,1.4691625570367892
nmc,UConn-ILCC-NMC,A1,10,1.853743702101896
nmc,UConn-ILCC-NMC,A1,11,1.2550166213873954
nmc,UConn-ILCC-NMC,A1,12,2.2958761458731693
nmc,UConn-ILCC-NMC,A1,13,3.384691510950237
nmc,UConn-ILCC-NMC,A1,14,2.194626466386208
nmc,UConn-ILCC-NMC,A1,15,1.551902088495984
nmc,UConn-ILCC-NMC,A1,16,3.475347641920911
nmc,UConn-ILCC-NMC,A1,17,1.9084921972275506
nmc,UConn-ILCC-NMC,A1,18,1.5501654395753033
nmc,UConn-ILCC-NMC,A1,19,2.2477475617526523
nmc,UConn-ILCC-NMC,A1,20,2.38041558313382
nmc,UConn-ILCC-NMC,A1,21,3.3136958543465695
nmc,UConn-ILCC-NMC,A1,22,1.6176573839409236
nmc,UConn-ILCC-NMC,A1,23,3.1436636508572025
nmc,UConn-ILCC-NMC,A1,24,1.34725159420265
nmc,UConn-ILCC-NMC,A1,25,1.8427149639522573
nmc,UConn-ILCC-NMC,A1,26,2.6263794568031162
nmc,UConn-ILCC-NMC,A1,27,1.9654942322657263
nmc,UConn-ILCC-NMC,A1,28,1.8763939013086806
nmc,UConn-ILCC-NMC,A1,29,2.8783189206127484
nmc,UConn-ILCC-NMC,A1,30,2.493799499364385
nmc,UConn-ILCC-NMC,A1,31,3.007700799982333
nmc,UConn-ILCC-NMC,A1,32,2.7497328657763602
nmc,UConn-ILCC-NMC,A1,33,2.739087146050451
nmc,UConn-ILCC-NMC,A1,34,2.269706181931123
nmc,UConn-ILCC-NMC,A1,35,4.081240962376273
nmc,UConn-ILCC-NMC,A1,36,2.7951366205195947
nmc,UConn-ILCC-NMC,A1,37,1.4888730661063023
nmc,UConn-ILCC-NMC,A1,38,1.3450700591000402
nmc,UConn-ILCC-NMC,A1,39,1.340382111621821
nmc,UConn-ILCC-NMC,A1,40,3.0363373125161
nmc,UConn-ILCC-NMC,A1,41,1.4807743690038315
nmc,UConn-ILCC-NMC,A1,42,3.5004812325124774
nmc,UConn-ILCC-NMC,A1,43,1.3463222583599899
nmc,UConn-ILCC-NMC,A1,44,1.5738288412626413
nmc,UConn-ILCC-NMC,GBDT,1,0.9606212655313316
nmc,UConn-ILCC-NMC,GBDT,2,0.4409820216325027
nmc,UConn-ILCC-NMC,GBDT,3,0.5855437185742164
nmc,UConn-ILCC-NMC,GBDT,4,0.9146927565598753
nmc,UConn-ILCC-NMC,GBDT,5,0.6858808609361119
nmc,UConn-ILCC-NMC,GBDT,6,0.9805816975475676
nmc,UConn-ILCC-NMC,GBDT,7,0.5386439629989498
nmc,UConn-ILCC-NMC,GBDT,8,2.1185485814313956
nmc,UConn-ILCC-NMC,GBDT,9,0.9093902762840451
nmc,UConn-ILCC-NMC,GBDT,10,0.8512241414627129
nmc,UConn-ILCC-NMC,GBDT,11,0.653886501919877
nmc,UConn-ILCC-NMC,GBDT,12,0.5416281453247394
nmc,UConn-ILCC-NMC,GBDT,13,0.7497632863625905
nmc,UConn-ILCC-NMC,GBDT,14,1.265604051238801
nmc,UConn-ILCC-NMC,GBDT,15,0.9547597304696237
nmc,UConn-ILCC-NMC,GBDT,16,0.7984260573928472
nmc,UConn-ILCC-NMC,GBDT,17,1.2286797672779644
nmc,UConn-ILCC-NMC,GBDT,18,0.5139493172482614
nmc,UConn-ILCC-NMC,GBDT,19,1.352915350809074
nmc,UConn-ILCC-NMC,GBDT,20,1.0147954207008896
nmc,UConn-ILCC-NMC,GBDT,21,0.907327876368852
nmc,UConn-ILCC-NMC,GBDT,22,1.1544237536880357
nmc,UConn-ILCC-NMC,GBDT,23,0.7461354150596071
nmc,UConn-ILCC-NMC,GBDT,24,0.9877888193253141
nmc,UConn-ILCC-NMC,GBDT,25,0.4964986772677013
nmc,UConn-ILCC-NMC,GBDT,26,1.1908988708989985
nmc,UConn-ILCC-NMC,GBDT,27,1.1167498976866745
nmc,UConn-ILCC-NMC,GBDT,28,0.5417149375846575
nmc,UConn-ILCC-NMC,GBDT,29,0.7246992646907892
nmc,UConn-ILCC-NMC,GBDT,30,0.6663416938175848
nmc,UConn-ILCC-NMC,GBDT,31,0.5856664391637819
nmc,UConn-ILCC-NMC,GBDT,32,0.9426002845887507
nmc,UConn-ILCC-NMC,GBDT,33,0.8283137332148774
nmc,UConn-ILCC-NMC,GBDT,34,0.6968715070771471
nmc,UConn-ILCC-NMC,GBDT,35,1.6583898724760633
nmc,UConn-ILCC-NMC,GBDT,36,0.9986956770395462
nmc,UConn-ILCC-NMC,GBDT,37,0.8741647494216964
nmc,UConn-ILCC-NMC,GBDT,38,0.9581970675690069
nmc,UConn-ILCC-NMC,GBDT,39,0.6906576294627884
nmc,UConn-ILCC-NMC,GBDT,40,1.211770129782905
nmc,UConn-ILCC-NMC,GBDT,41,1.6841499049937882
nmc,UConn-ILCC-NMC,GBDT,42,1.378747889315556
nmc,UConn-ILCC-NMC,GBDT,43,1.1967074580799857
nmc,UConn-ILCC-NMC,GBDT,44,0.8366631917385697
